,names,emptyPercent,fullPercent,annoyedPercent,lat,long,dist_to_mcgill
1,Notre Dame / Place Jacques Cartier,0.10483640179337976,0.0013423373190426036,0.10617873911242236,45.508183000000002,-73.554093999999992,0.00049333512499999291
2,Dézery/Ste-Catherine,0.028157665966965631,0.15724466701979101,0.18540233298675662,45.539200000000001,-73.541399999999996,0.002298793999999456
3,Saint-Denis / René-Lévesque,,,,45.512890000000006,-73.558499999999995,0.00035822089999990275
4,Berri / Saint-Antoine,0.0080079871872205007,0.05893865931230817,0.066946646499528667,45.512053603270942,-73.553930819034576,0.00053060557110090243
5,Hotel-de-Ville / Viger,,,,45.50938,-73.557222999999993,0.00037074560899992261
6,Saint-Antoine / de l'Hôtel-de-Ville,0.0195154063409144,0.14098777881821892,0.16050318515913331,45.508749999999999,-73.55613000000001,0.00040990819999924384
7,de l'Hôtel-de-Ville / Sainte-Catherine,0.042661039441338353,0.038110086180763066,0.080771125622101425,45.511640093571074,-73.562183976173415,0.00022617097543654023
8,Sanguinet /Ste-Catherine,0.075314373281651414,0.024966839245218433,0.10028121252686985,45.512737999999999,-73.561437999999995,0.00026073152799981861
9,Berri / Sainte-Catherine,0.026707306675760933,0.070849963394185575,0.097557270069946508,45.51462481358633,-73.559775352478027,0.0003407315309990834
10,Sainte-Catherine / Saint-Denis,0.31204234429421607,0.0094825420748555645,0.32152488636907162,45.513711370743636,-73.560547828674316,0.00030143833485010805
11,Saint-André / Saint-Antoine,0.044918449666783586,0.15036864571206829,0.19528709537885186,45.514076000000003,-73.552439000000007,0.00062693885699926643
12,Métro Saint-Laurent,0.032260848924278718,0.02202036291624513,0.054281211840523848,45.510659999999994,-73.564970000000002,0.00014609889999967244
13,Sanguinet / de Maisonneuve,0.050404153249654991,0.08540261892159344,0.13580677217124842,45.513390000000001,-73.562550000000002,0.00023799139999968044
14,St-Denis / Maisonneuve,0.077295014982293658,0.041089841248813229,0.11838485623110689,45.514648999999999,-73.562151999999998,0.00026861990499973531
15,Berri / de Maisonneuve,0.020292500689860118,0.071185183468162536,0.091477684158022654,45.515298999999999,-73.561273,0.00030547828999965101
16,Saint-André / de Maisonneuve,0.016555243899867136,0.087885821976052034,0.10444106587591917,45.516992929686616,-73.559657335281372,0.00038994735942661193
17,Robin / Amherst,0.019705270310442943,0.25202386024712398,0.27172913055756692,45.51905,-73.560909999999993,0.00039849219999984759
18,Saint-André / Ontario,0.026962523382571116,0.089434788558916109,0.11639731194148722,45.518889999999999,-73.56353,0.0003210585999996378
19,Savoie/Ontario,0.049922958397534668,0.0010320769516575156,0.050955035349192185,45.516370000000002,-73.564981200000005,0.00022892752543963483
20,Hotel de Ville / Ontario,0.019588306374679357,0.11365102113937657,0.13323932751405593,45.513480999999999,-73.566261999999995,0.00015159384499985389
21,Beaudry / Sherbrooke,0.031405171857870638,0.22879570119060164,0.26020087304847228,45.523007,-73.56518299999999,0.00040294765799985145
22,de la Commune / Berri,0.034401842802092526,0.10447551464905501,0.13887735745114754,45.510860000000001,-73.54983,0.00071777649999954485
23,Saint-Timothée / Sainte-Catherine,0.0047842670370615344,0.051892222039512319,0.056676489076573855,45.516992929686616,-73.557441830635057,0.00046824514154339408
24,Notre-Dame / Saint-Gabriel,0.15623004764009626,0.023686111229128608,0.17991615886922488,45.507143919284104,-73.555119037628174,0.00044606768308905962
25,de la Commune / Place Jacques-Cartier,0.011877184854483427,0.015871320545136069,0.027748505399619497,45.507192792674495,-73.552007675170913,0.0005871444875094221
26,Le Royer / Saint-Laurent,0.09384964786309101,0.062856885931387982,0.15670653379447899,45.505890000000001,-73.554310000000001,0.00048017059999961816
28,Belair/St-Antoine,0.0056842935087027778,0.084894811607928028,0.090579105116630809,45.482843000000003,-73.584351999999996,0.00061354903300018452
30,Saint-Antoine / Saint-François-Xavier,0.041474754971513393,0.11059145880574452,0.1520662137772579,45.504490000000004,-73.559200000000004,0.00029274289999959739
31,Métro Place-d'Armes,0.031479631479631481,0.069666712260064739,0.10114634373969622,45.506230000000002,-73.559759999999997,0.0002709316999998366
32,Chenneville / Viger,0.072858358335945547,0.1554017305315204,0.22826008886746596,45.505359999999996,-73.560929999999999,0.00023455849999980669
33,Saint-Urbain / René-Lévesque,0.046494836338176089,0.024157810953835564,0.07065264729201165,45.507899999999999,-73.563112000000004,0.00017457526399967469
34,de la Gauchetière / Bleury,0.013267172683501189,0.028047165377878411,0.041314338061379602,45.504390000000001,-73.562569999999994,0.00018974499999997285
35,de la Commune / Saint-Sulpice,0.025619219729988308,0.046153846153846156,0.071773065883834461,45.504068569842779,-73.55360627174376,0.00051609581457441513
36,Saint-Nicolas / Place d'Youville,0.040978447246760578,0.092594741361305147,0.13357318860806572,45.501974378778961,-73.555156588554368,0.00046186282612907282
37,McGill / d'Youville,0.015011845789360328,0.04104086232676471,0.05605270811612504,45.499749999999999,-73.555660000000003,0.00046483369999963394
38,McGill / des Récollets,0.06031415036605544,0.045850014537809486,0.10616416490386493,45.500779000000001,-73.558825999999996,0.00033237375699990076
39,Saint-Jacques / Saint-Pierre,0.068169546436285103,0.051584670468107677,0.11975421690439278,45.502800000000001,-73.559169999999995,0.00030253609999994989
40,Saint-Jacques / Gauvin,0.0617967494195392,0.019995305264505665,0.081792054684044865,45.500740999999998,-73.560956000000004,0.00026322869699970763
41,de la Gauchetière / University,0.20774420347920491,0.03067034768354758,0.23841455116275251,45.50112,-73.564930000000004,0.00015367849999978721
42,Square Victoria,0.075251100327276832,0.14749233599019007,0.2227434363174669,45.50206,-73.562950000000001,0.00019356529999981653
43,University/René Levesques ,0.043234223300970875,0.083139790345866549,0.12637401364683742,45.501884999999994,-73.567018999999988,0.0001036244260001777
45,de la Gauchetière / Mansfield,0.060588484618645015,0.047281480499977914,0.10786996511862293,45.498709999999996,-73.56671,0.00014714099999998967
46,Milton / Durocher,0.080959271295395777,0.074550368092442462,0.15550963938783824,45.508231000000002,-73.574706999999989,6.2532499999953987e-06
47,King / De la Commune,0.19854869037845282,0.075365605331358762,0.27391429570981157,45.497438000000002,-73.552802,0.00062587792799969396
48,King / Wellington,0.12247824839850846,0.029340540540540541,0.15181878893904899,45.498199999999997,-73.554880000000011,0.0005200371999993142
49,de la Commune / McGill,0.024339907661539116,0.021933474151358042,0.046273381812897155,45.498860000000001,-73.552319999999995,0.00062567439999995601
50,Prince/William,0.14326040931545519,0.087461695607763026,0.23072210492321821,45.497954999999997,-73.558064000000002,0.00039828156099978591
51,Duke / Wellington,0.036522266242341582,0.021282024024662484,0.057804290267004066,45.496429999999997,-73.55583,0.0005119881999998421
52,Belmont / Beaver Hall,0.21826381661462921,0.025534467246476157,0.24379828386110536,45.502326000000004,-73.565138000000005,0.00013813011999973891
55,Peel / ave des Canadiens de Montréal,0.16578934300044693,0.040854629973156413,0.20664397297360335,45.497696999999995,-73.568646000000001,0.00013034832500003895
56,Drummond / Rene Levesques,0.11128081016941188,0.020351801495581238,0.13163261166499313,45.497196000000002,-73.571383999999995,0.00010518083200002797
57,Metcalfe / Sainte-Catherine,0.16917079719124328,0.030348980785477549,0.19951977797672082,45.500684739422283,-73.572156429290757,4.7373526995347014e-05
58,Mansfield / René-Lévesque,0.15468726859850915,0.018372759096213005,0.17306002769472215,45.500149999999998,-73.569280000000006,8.5251699999896183e-05
59,Sainte-Catherine / McGill College,0.18454552612929473,0.028796723882547705,0.21334225001184243,45.501759999999997,-73.571280000000002,4.4473999999979286e-05
60,Drummond / Sainte-Catherine,0.12718204488778054,0.015819781054230209,0.14300182594201075,45.498639303304287,-73.574227094650269,6.1742261993256442e-05
61,Drummond / de Maisonneuve,0.12514588601439408,0.046910018861644288,0.17205590487603836,45.499470000000002,-73.575909999999993,4.5929000000040644e-05
62,de Maisonneuve / Stanley,0.090150604539348089,0.028052733006306937,0.11820333754565503,45.50038,-73.575069999999997,3.5662100000054527e-05
63,de la montagne / Sherbrooke,0.11862762617108723,0.027809054407172143,0.14643668057825937,45.499726000000003,-73.578834000000001,4.9265192000079975e-05
64,de Maisonneuve / University,0.22848057514171161,0.084457794569732236,0.31293836971144384,45.503475000000002,-73.572102999999998,2.4594913999968557e-05
65,Mansfield / Sherbrooke,0.18152384410554345,0.043736501079913608,0.22526034518545707,45.502969999999998,-73.575050000000005,1.2061800000021242e-05
67,University / Milton,0.12710144564427631,0.029865103688955504,0.15696654933323181,45.506240000000005,-73.576219999999992,0.0
68,de Maisonneuve / Aylmer,0.15711781295256486,0.080579968980589375,0.23769778193315422,45.505009999999999,-73.570689999999999,3.2093799999940804e-05
69,Victoria / President-Kennedy,0.29177307551988324,0.074231829259959456,0.36600490477984271,45.503907700000006,-73.573053099999996,1.5468878899973669e-05
71,de Maisonneuve / de Bleury,0.037173166651994015,0.027681282908391776,0.064854449560385788,45.507080000000002,-73.56917,5.0408099999887883e-05
72,Mackay / René-Lévesque,0.056551996663080945,0.013933121019108281,0.070485117682189222,45.494499323782122,-73.574173450469971,0.00014203184303199708
73,Saint-Alexandre / Sainte-Catherine,0.094219800013855853,0.027829867030344357,0.12204966704420021,45.505458000000004,-73.567944999999995,6.9087148999961591e-05
74,Mackay / ste-catherine,0.022619842435572173,0.039985874555184313,0.062605716990756483,45.495841999999996,-73.577056999999996,0.00010881897300019903
75,Square Phillips,0.11745007756137198,0.020594768281900325,0.13804484584327231,45.504010000000001,-73.568650000000005,6.2277799999822423e-05
76,Lambert-Closse / Tupper,0.074274705349048051,0.018189884649511979,0.092464589998560026,45.489609000000002,-73.582444999999993,0.00031534078600013499
77,Notre-Dame / Peel,0.00016458873390116447,0.014229481971077946,0.01439407070497911,45.495199999999997,-73.563280000000006,0.00028932519999982741
78,Saint-Jacques / Guy,0.014259313704901508,0.16395445438107803,0.17821376808597955,45.491379999999999,-73.570149999999998,0.00025766450000010187
79,Métro Lucien-L'Allier,0.072906888382280627,0.027474747474747475,0.1003816358570281,45.494859999999996,-73.571080000000009,0.00015592400000004686
80,Baile / St-Mathieu,0.28140943877551022,0.024755203255478784,0.30616464203098903,45.492845000000003,-73.577781000000002,0.00018186274600010216
81,Crescent / René-Lévesque,0.19361944746799356,0.020816180040956783,0.21443562750895034,45.49606,-73.573480000000004,0.00011114000000004784
82,Chateaubriand / Beaubien,0.080547359617127057,0.016179936037704089,0.096727295654831152,45.535431000000003,-73.603521999999998,0.0015975136850001665
83,Métro Atwater,0.031691741530468664,0.0096069136216805802,0.041298655152149241,45.489903999999996,-73.585961999999995,0.00036177146000037079
84,Chomedey / de Maisonneuve,0.029142881668741148,0.028021426894594192,0.057164308563335341,45.49156,-73.583799999999997,0.00027295880000022986
85,Lucien-L'Allier / Saint-Jacques,0.0085509301743555526,0.23068521648680276,0.23923614666115831,45.493209999999998,-73.567949999999996,0.00023817380000013317
86,Sainte-Catherine / Saint-Marc,0.064809123813426212,0.021361270059802952,0.086170393873229167,45.492750000000001,-73.580609999999993,0.00020125220000012675
87,Bishop / Sainte-Catherine,0.1564219501313637,0.0077049624122779619,0.16412691254364167,45.496420000000001,-73.576160000000002,9.6436000000093631e-05
88,Crescent / de Maisonneuve,0.18839103869653767,0.026126994324874184,0.21451803302141187,45.498103999999998,-73.577729000000005,6.8471577000160381e-05
89,de Maisonneuve / Mackay,0.091218595914533934,0.033596009094320464,0.1248146050088544,45.496590000000005,-73.578509999999994,9.836660000002136e-05
90,Metro Villa Maria,0.46623157347879735,8.2721538620618345e-05,0.46631429501741795,45.479999999999997,-73.618899999999996,0.0025101200000008095
91,Lincoln / Dufort,0.070273673795228142,0.034268649020281886,0.10454232281551003,45.493034000000002,-73.583836000000005,0.00023240189200029825
92,Bishop/sherbrooke,0.11713857071416664,0.0095250031332247149,0.12666357384739135,45.4983,-73.579800000000006,7.5860000000176476e-05
93,Wolfe / René-Lévesque,0.0044455523702688106,0.031310944900452199,0.035756497270721013,45.516872646826783,-73.554174900054946,0.00059903961013007645
94,Plessis / René-Lévesque,0.016148363085851259,0.14536585365853658,0.16151421674438785,45.519539999999999,-73.551999999999992,0.00076349839999982183
95,René-Lévesque / Papineau,0.0021741381095351487,0.039959238541260135,0.042133376650795286,45.521140000000003,-73.549260000000004,0.00094885159999928866
96,Sainte-Catherine / Guy,0.2178092178092178,0.026447649339898044,0.24425686714911585,45.495006967071284,-73.57803583145143,0.00012947827263777979
97,Logan / Fullum,0.014122873187494762,0.20100895447092951,0.21513182765842426,45.528448693514136,-73.55108499526979,0.0011249945303918915
98,Fullum / Jean-Langlois,0.0079531968936728363,0.11516652394287963,0.12311972083655247,45.526150000000001,-73.546120000000002,0.0013024180999992485
99,Poupart / Sainte-Catherine,0.0081005296500155782,0.092238495615224667,0.10033902526524024,45.52831340282976,-73.546965122222915,0.0013430829862363497
100,Parthenais / Sainte-Catherine,0.0072209657004129232,0.08439880457497248,0.091619770275385398,45.526220000000002,-73.549329999999998,0.001122272499999577
101,Métro Beaudry,0.0058977447356398224,0.069459160899068922,0.075356905634708746,45.519069999999999,-73.555809999999994,0.00058117699999977264
102,Alexandre-DeSève / Maisonneuve,0.011685271123374722,0.085002842524161459,0.096688113647536184,45.521900000000002,-73.555340000000001,0.00068120999999953229
103,Métro Papineau,0.011256759315757359,0.063490613438085236,0.074747372753842592,45.523530000000001,-73.551990000000004,0.00088603699999929733
104,Benny/ Monkland,0.0011518367682751243,0.033666737603745479,0.034818574372020607,45.4666,-73.631100000000004,0.0045831440000016965
105,Plessis / Ontario,0.011606187168132307,0.14480174081237912,0.15640792798051142,45.523584,-73.560941,0.00053426217699957122
106,Robin / de la Visitation,0.034241412727468501,0.18609899202647812,0.22034040475394662,45.520870000000002,-73.559219999999996,0.00050303689999976764
107,Champlain / Ontario,0.021951740337390561,0.16446474873441166,0.18641648907180222,45.525047537299884,-73.560035526752472,0.00061566063358600731
108,Dorion / Ontario,0.023278597746682853,0.12093188268684957,0.14421048043353241,45.526949999999999,-73.558210000000003,0.00075326419999937895
109,Parthenais / Ontario,0.010101643869996235,0.14452547670389843,0.15462712057389466,45.529540000000004,-73.556219999999996,0.00094288999999979362
110,de Rouen / d'Iberville,0.0012834844532770256,0.53844647519582245,0.53972995964909942,45.533875084889857,-73.556395769119263,0.0011566980468817767
111,Logan / d'Iberville,0.016596461668070765,0.12394015548300726,0.14053661715107801,45.530570000000004,-73.549130000000005,0.0013258169999992484
112,Alexandre de Sève / La Fontaine,0.047432901661898626,0.14525879717719598,0.19269169883909459,45.523216999999995,-73.558187000000004,0.00061340761799924374
113,Métro Frontenac,0.00043410852713178294,0.099127311243639049,0.099561419770770834,45.533177999999999,-73.553060000000002,0.0012620414439992243
114,Hogan / Ontario,0.0088430975869188896,0.095018303358268344,0.10386140094518723,45.535400000000003,-73.551209999999998,0.0014758056999995813
115,Rouen / Fullum,0.033092814499849674,0.27464017730780527,0.30773299180765495,45.532170000000001,-73.558589999999995,0.00098318179999965015
116,du Havre / Hochelaga,0.009468635146078614,0.096162119325257561,0.10563075447133617,45.535915483036966,-73.55821967124939,0.0012046461286067147
117,Hogan / de Rouen,0.0028420288351830724,0.17084570816495448,0.17368773700013757,45.536273999999999,-73.554043000000007,0.0013938604849989423
118,Sherbrooke / Frontenac,0.079106498194945848,0.035483389165084173,0.11458988736003002,45.536700000000003,-73.560810000000004,0.0011652796999995227
119,Sherbrooke / Fullum,0.082159731055787749,0.10096519315380895,0.1831249242095967,45.533749999999998,-73.561959999999999,0.00096014769999938241
120,Terasse Mercure / Fulum,0.058622287946674907,0.05135058782623813,0.10997287577291304,45.535614000000002,-73.566013999999996,0.00096699431199976174
121,de Bordeaux / Sherbrooke,0.080336173152198945,0.11178310740354536,0.19211928055574429,45.530027060788136,-73.563176393508897,0.00073595993123275953
122,Prince Arthur/Ste-Famille ,0.096100212715670055,0.022406515157975527,0.11850672787364558,45.511721000000001,-73.574442000000005,3.3202644999912142e-05
123,University / Prince-Arthur,0.14945692239642208,0.021747025271837816,0.17120394766825989,45.507329999999996,-73.578450000000004,6.1610000000310395e-06
124,University / des Pins,0.35012862592034066,0.004183316683316683,0.35431194260365734,45.508164612433617,-73.580178916454315,1.937715251192364e-05
125,Molson / William - Tremblay,0.033210411217357745,0.087600063858416774,0.12081047507577453,45.541532000000004,-73.565258,0.0013656907079997096
126,Atwater / Sherbrooke,0.031497407225624718,0.0079990027217385889,0.039496409947363309,45.491321748860713,-73.587809801101685,0.00035687770663178425
127,Drolet / Beaubien,0.067890489001424276,0.066898753825003321,0.1347892428264276,45.533363999999999,-73.605836999999994,0.0016128780649997522
128,Casgrain / Beaubien,0.075671090938266516,0.062853075930785998,0.1385241668690525,45.531424999999999,-73.607590999999999,0.0016184238660001133
129,Parc du Pélican,0.0074032599228567872,0.10466760961810467,0.11207086954096146,45.544829999999997,-73.572811000000002,0.001500809380999329
130,9e Avenue / Dandurand,0.081541664780699769,0.13577356884443498,0.21731523362513475,45.550769000000003,-73.577110000000005,0.0019836239409997685
131,Marquette / Jean-Talon,0.025494421095300066,0.017179957419001243,0.042674378514301309,45.547356123152341,-73.607609868049622,0.0026758593992511348
132,des Écores / Jean-Talon,0.0081816663883786944,0.020298987165119575,0.02848065355349827,45.552442609134857,-73.60300183296205,0.0028519476676754918
133,Président-Kennedy / University,0.20355509083779899,0.053211050318414208,0.25676614115621321,45.504632521806364,-73.57255339622499,1.602796938589322e-05
134,Drummond / du Docteur-Penfield,0.51919732441471567,0.0033619723571161747,0.52255929677183188,45.501940540222762,-73.581265211105347,4.3939509473726567e-05
135,Gascon / Rachel,0.034953814128973505,0.054326744971561813,0.089280559100535312,45.537970000000001,-73.562700000000007,0.0011895832999993577
136,Larivière / de Lorimier,0.029921562760477891,0.072169085679887626,0.10209064844036551,45.529155206245747,-73.559410572052002,0.00080766354522355057
137,Parthenais / Rachel,0.10060538841905818,0.11111881485590146,0.21172420327495964,45.534171942997467,-73.56608927249907,0.00088282507931140473
138,Gauthier / Papineau,0.06624373649611548,0.10904698238453781,0.17529071888065328,45.530202000000003,-73.566630000000004,0.00066614554399965667
139,de Bordeaux / Gauthier,0.069094114456197453,0.23563536640033753,0.30472948085653495,45.531300000000002,-73.566000000000003,0.00073245199999960402
140,Gauthier / des Érables,0.083790294826201678,0.12203611558857196,0.20582641041477362,45.53237,-73.564369999999997,0.00082319939999962516
141,Marquette / Rachel,0.042755979156460164,0.13732234563477846,0.18007832479123864,45.529801582460699,-73.570289611816406,0.00059031767206009142
142,de Bordeaux / Rachel,0.07779068972588693,0.18148054573016675,0.25927123545605368,45.532270000000004,-73.568280000000001,0.00074060449999978329
143,Garnier / Rachel,0.028518141007568693,0.036771222897165959,0.065289363904734651,45.528649999999999,-73.571629999999999,0.00052327619999965088
144,Rachel / Brébeuf,0.050550438103796898,0.087664458337221238,0.13821489644101814,45.526890000000002,-73.572640000000007,0.00043923889999974091
145,du Parc-La Fontaine / Duluth,0.11219617534851357,0.11184673897732075,0.22404291432583434,45.52469,-73.572209999999998,0.00035648259999974052
146,du Parc-La Fontaine / Roy,0.079810161408657376,0.095489067894131183,0.17529922930278857,45.523084000000004,-73.568731,0.00033980545699985342
147,Calixa-Lavallée / Sherbrooke,0.037616943866943864,0.012283932532540912,0.049900876399484775,45.524790000000003,-73.565449999999998,0.00046009539999977678
148,Émile-Duployé / Sherbrooke,0.048640979027180418,0.03618945102260495,0.084830430049785369,45.527290000000001,-73.564630000000008,0.00057743059999943347
149,Chapleau / Mont-Royal,0.098758281981188897,0.11138912056343249,0.21014740254462139,45.538670000000003,-73.569360000000003,0.0010987644999997167
150,Fullum / Mont-Royal,0.057123760721844712,0.16942281547398344,0.22654657619582816,45.537553000000003,-73.570181999999988,0.0010169614129998739
151,des Érables / Mont-Royal,0.053492425258077493,0.10975925446544137,0.16325167972351887,45.535649999999997,-73.571719999999999,0.00088519809999943757
152,Chabot / Mont-Royal,0.039292299587321097,0.079918680822227237,0.11921098040954833,45.534134366108425,-73.573492169380188,0.00078553672048090539
153,Marie-Anne / Papineau,0.056042960376566267,0.076573042523144522,0.13261600289971079,45.531894738180178,-73.572322726249709,0.0006733543337778409
154,Marquette / Mont-Royal,0.033423824519491802,0.063221364771525637,0.096645189291017439,45.532290000000003,-73.57544,0.0006792108999998782
155,Garnier / Mont-Royal,0.026895924466196024,0.047637960327442025,0.074533884793638053,45.530920000000002,-73.576740000000001,0.00060937279999983543
156,Marie-Anne / de la Roche,0.043809104904332527,0.10720741599073001,0.15101652089506254,45.527738413790829,-73.576249480247498,0.00046218266460644925
157,de la Roche / Mont-Royal,0.050602173219848418,0.058642125200330242,0.10924429842017866,45.528559999999999,-73.578280000000007,0.00050242599999976716
158,Gilford / Brébeuf,0.04145654594275984,0.12063680646311037,0.16209335240587019,45.530729999999998,-73.581530000000001,0.00062795619999974923
159,Marquette / Gilford,0.048629957104088246,0.18242856787605999,0.23105852498014823,45.533900000000003,-73.578909999999993,0.00077231169999985997
160,Garnier / Saint-Joseph,0.053637566137566137,0.15010887974836681,0.20374644588593294,45.532969999999999,-73.581180000000003,0.00073909449999976233
161,Cartier / Saint-Joseph,0.05898933411504724,0.12431997729315483,0.18330931140820206,45.535759999999996,-73.578669999999988,0.00087743289999944263
162,Messier / Saint-Joseph,0.046836700894335871,0.093265901221067982,0.14010260211540385,45.539279999999998,-73.575959999999995,0.0010917091999995117
163,Marquette / Laurier,0.046522380501552212,0.12499103964062985,0.17151342014218207,45.535429999999998,-73.5822,0.00088781649999967191
164,Garnier / Laurier,0.036519171479438971,0.22381451401624311,0.26033368549568209,45.533879999999996,-73.583150000000003,0.00081199449999965802
165,Brébeuf / Laurier,0.012723207256007306,0.053184416965829012,0.065907624221836325,45.53248,-73.585070000000002,0.00076686009999986859
166,Brébeuf / Saint-Grégoire,0.040918621412658888,0.044395476198191779,0.085314097610850667,45.534100000000002,-73.588519999999988,0.00092746959999973305
167,Marquette / Saint-Grégoire,0.1009031959240389,0.14400248899100135,0.24490568491504025,45.537030000000001,-73.585840000000005,0.0010405684999999984
168,Chabot / Masson,0.042469773961801294,0.096527220630372487,0.13899699459217379,45.538297999999998,-73.582703000000009,0.0010697446529997184
169,de Mentana / Saint-Grégoire,0.041114664230242119,0.042861148859984037,0.083975813090226156,45.531869999999998,-73.590640000000008,0.00086483330000005981
170,de Mentana / Laurier,0.046986540544124475,0.015754001684919965,0.062740542229044433,45.53004,-73.586699999999993,0.0006762703999997515
171,Wolfe/Ontario,0.036633834456540525,0.18294147073536768,0.21957530519190821,45.520800000000001,-73.562700000000007,0.00039478399999949001
173,Cherrier / Berri,0.03650393561510569,0.01280647063779594,0.049310406252901631,45.519145799999997,-73.56924140000001,0.00021526053159953424
174,Roy / Saint-Denis,0.041768339598584274,0.020477309785485887,0.062245649384070165,45.519079999999995,-73.572699999999998,0.0001772559999997047
175,Saint-André / Roy,0.053911917797135847,0.084216612063981497,0.13812852986111734,45.521859999999997,-73.57047,0.00027704689999963561
176,St-André / Duluth,0.038397292188667637,0.10459118175664636,0.142988473945314,45.523171000000005,-73.573430999999999,0.00029443728199994595
177,Saint-André / Rachel,0.9241445024442787,0.05891994861117264,0.98306445105545137,45.524221999999995,-73.575771000000003,0.00032355392499960477
178,Rachel / Berri,0.041251433106975925,0.043516658203254364,0.08476809131023029,45.522721103182057,-73.577263355255127,0.00027271535228586127
179,Duluth / Saint-Denis,0.034986249945436289,0.034404068503868554,0.06939031844930485,45.520774190997884,-73.575777411460876,0.00021143859257776108
180,De Bullion/Rachel,0.14297821426790966,0.071343936562913005,0.21432215083082268,45.519345999999999,-73.580200000000005,0.00018760763599992851
181,Clarck/Rachel,0.093279531832554621,0.021579215919721065,0.11485874775227568,45.516853000000005,-73.582647999999992,0.0001539549529999811
182,Buillon / Mont-Royal,0.076093347202749767,0.022046677114659664,0.098140024317409424,45.521500000000003,-73.585099999999997,0.00031172200000002055
183,Laval / Mont-Royal,0.032558738885786691,0.03027839000278176,0.062837128888568447,45.522412909216577,-73.584129810333252,0.00032412809203560448
184,Métro Mont-Royal,0.016487041313831153,0.0063307007646985084,0.02281774207852966,45.524679999999996,-73.581990000000005,0.00037332649999981699
185,Saint-André / Mont-Royal,0.059030029291416049,0.024228230785607836,0.083258260077023888,45.526330000000002,-73.580469999999991,0.00042167059999983727
186,Boyer / Mont-Royal,0.040518887596303697,0.018984398122700943,0.059503285719004637,45.527429999999995,-73.58001999999999,0.000463456099999565
187,Saint-André / de Bienville,0.075851008560908942,0.055928509154315603,0.13177951771522456,45.527200000000001,-73.582259999999991,0.00047580319999978346
188,Marie-Anne / Saint-Hubert,0.01912203798996252,0.08087039045553146,0.099992428445493983,45.524729999999998,-73.578780000000009,0.00034843369999981922
189,Chabot/Everret,0.0040193092589139575,0.32130684179898578,0.32532615105789975,45.550699999999999,-73.6096,0.0030909159999999883
190,Berri / Saint-Joseph,0.11026764943556089,0.029893529893529894,0.14016117932909078,45.52749,-73.587140000000005,0.00057080890000006472
191,Saint-André / Saint-Joseph,0.09827602317323865,0.027391442828325726,0.12566746600156437,45.528559999999999,-73.585449999999994,0.00058337529999975021
192,Métro Laurier,0.094641986204333783,0.031541479940819524,0.1261834661451533,45.528109999999998,-73.588700000000003,0.00063404729999994914
193,Henri-Julien / Laurier,0.075737419147667323,0.013672854992473657,0.08941027414014098,45.525851000000003,-73.590567000000007,0.00059042773000033593
194,Henri-Julien / Maguire,0.046380561829784436,0.027988251319598163,0.074368813149382595,45.527265,-73.593401999999998,0.0007372717489999537
195,de Bullion / Boul. Saint-Joseph,0.10767710979395992,0.02656891244870041,0.13424602224266033,45.523769999999999,-73.589780000000005,0.00049117450000011351
196,Ste-Famille / Sherbrooke,0.067937079141790022,0.012368956934912136,0.080306036076702156,45.510024899999998,-73.570744099999999,4.4310948819868663e-05
197,Rivard/Boucher,0.059507829977628636,0.036644020273913509,0.096151850251542145,45.528500000000001,-73.591300000000004,0.00072291400000016421
198,Hélène-Baillargeon / Saint-Denis,0.081856501835652448,0.013129331218168156,0.094985833053820606,45.529740000000004,-73.595269999999999,0.00091515250000020164
199,Clark / Saint-Viateur,0.067694263467344667,0.02879614905230584,0.096490412519650515,45.525171560973313,-73.599375486373916,0.00089458055009899919
200,Maguire / Saint-Laurent,0.053690222869302272,0.035793892964573998,0.089484115833876277,45.524570000000004,-73.595880000000008,0.00072250450000058684
201,Villeneuve / de l'Hôtel-de-Ville,0.029970627225702477,0.029827234460139969,0.059797861685842446,45.523525406310327,-73.587509393692017,0.00042623568124642674
202,Hutchison / Sherbrooke,0.12689370985335111,0.020048047281926995,0.1469417571352781,45.507809999999999,-73.57208,1.9604499999918463e-05
203,Milton / du Parc,0.068029672516736028,0.040583705259473177,0.10861337777620921,45.509709999999998,-73.573540000000008,1.9223299999864474e-05
204,Prince-Arthur / du Parc,0.076828238087627565,0.018696956161061835,0.095525194248689396,45.510590000000001,-73.575469999999996,1.9484999999952875e-05
205,Sainte-Famille / des Pins,0.047836390766259985,0.051788786448453833,0.099625177214713811,45.512812949534855,-73.577016592025771,4.3838224443208989e-05
206,Hutchison / des Pins,0.045573116464630962,0.066305666651687412,0.11187878311631838,45.510690000000004,-73.578050000000005,2.3151400000032248e-05
207,Milton / Clark,0.081476692909749959,0.016835373342933377,0.098312066252683336,45.512520000000002,-73.570619999999991,7.0798399999971956e-05
208,Metro  Sauvé,0.020044496239008371,0.075304959487133824,0.095349455726142202,45.550899999999999,-73.656000000000006,0.0083593640000015883
209,Roy / Saint-Laurent,0.11276208944370379,0.1024271727887229,0.21518926223242668,45.515609999999995,-73.575690000000009,8.8077799999792977e-05
210,Duluth / Saint-Urbain,0.083289355941536844,0.010040745052386496,0.093330100993923346,45.515659999999997,-73.580640000000002,0.00010827279999993183
211,Duluth / Saint-Laurent,0.077724656516895654,0.018867119136039612,0.096591775652935266,45.517099999999999,-73.579210000000003,0.00012687969999993363
212,Square Saint-Louis,0.019218039332920503,0.0009099181073703367,0.02012795744029084,45.51735,-73.569059999999993,0.00017469769999987531
213,Saint-Cuthbert / Saint-Urbain,0.046488581558721841,0.0074957197143692318,0.053984301273091076,45.514940000000003,-73.578209999999999,7.9650099999981655e-05
214,Parc du Mont-Royal,0.12991547667782408,0.0029002921008472998,0.13281576877867138,45.514959999999995,-73.585030000000003,0.0001536545000000144
215,Marie-Anne / Saint-Urbain,0.063053345917037443,0.018991472786609117,0.082044818703646563,45.517780000000002,-73.585309999999993,0.0002157996999999293
216,de l'Hôtel-de-Ville / Roy,0.032699438384977339,0.021059768215428293,0.053759206600405632,45.51737,-73.574519999999993,0.00012676689999987199
217,Laval / Duluth,0.070009310352657991,0.098419506736910814,0.16842881708956881,45.519236909647724,-73.577215075492859,0.00016990983562745614
218,Mont-Royal / Clark,0.02021387863134752,0.0031792563843184209,0.023393135015665943,45.519410000000001,-73.586849999999998,0.00028644580000000507
219,de l'Esplanade / Mont-Royal,0.052497939728712389,0.022504413672813903,0.075002353401526292,45.518329999999999,-73.588250000000002,0.00029088900000008274
220,Mont-Royal / du Parc,0.030591829270916249,0.0061240165244649267,0.036715845795381175,45.516999999999996,-73.588999999999999,0.00027910599999996167
221,Cartier/ Mont-Royal,0.069319871997115423,0.044460450497642745,0.11378032249475817,45.5336,-73.573936000000003,0.00075378625599964813
222,Villeneuve / Saint-Urbain,0.13173377236520351,0.055034176575309346,0.18676794894051285,45.520389999999999,-73.590260000000001,0.00039734410000005923
223,Clark / Laurier,0.037656331867781397,0.011515853418700697,0.049172185286482095,45.522659999999995,-73.593599999999995,0.00057168079999975197
224,Jeanne-Mance / Laurier,0.027100563605346694,0.024721746575342467,0.051822310180689161,45.520240000000001,-73.594940000000008,0.00054643840000048337
225,Fairmount / Saint-Urbain,0.054414077860794337,0.058725326524599823,0.11313940438539416,45.522790000000001,-73.595579999999998,0.00064871210000007427
226,Waverly / Saint-Viateur,0.074352509741003894,0.025194500692742192,0.099547010433746086,45.524025271152212,-73.600421547889695,0.00090203079021509698
227,Saint-Viateur / du Parc,0.039026199253942975,0.041023407729994556,0.080049606983937538,45.522459999999995,-73.601900000000001,0.00092255080000010214
228,Bernard / Clark,0.096428238366128877,0.021564366045618552,0.11799260441174743,45.526969999999999,-73.602609999999999,0.0011261650000000557
229,Saint-Dominique / Saint-Viateur,0.14372695096898744,0.036859252823631623,0.18058620379261905,45.526543319730031,-73.598232865333571,0.00089679103225394385
230,Laurier / de Lorimier,0.060128703579568309,0.19450429668686151,0.25463300026642982,45.538019683508075,-73.578459620475769,0.0010149641837486104
232,Parthenais / Gilford,0.082181136732408525,0.14901847016729522,0.23119960689970376,45.537974594323529,-73.574779629707351,0.0010091591434585583
233,Chapleau / Marie-Anne,0.21581085303614206,0.063492413064065015,0.27930326610020706,45.537512428097436,-73.56695830821991,0.0010637436937382277
234,de Bordeaux / Jean-Talon,0.049140316851533049,0.10789643416566848,0.15703675101720152,45.549704078238634,-73.60551238059999,0.0027471696583487091
236,Fairmount / Hutchison,0.040579710144927533,0.072640317632196361,0.11322002777712389,45.519486000000001,-73.598418999999993,0.00066825211699989625
237,Querbes / Laurier,0.062706783612745648,0.044467088717370568,0.10717387233011622,45.517344999999999,-73.597723999999999,0.00058574304100016898
239,Bloomfield / Bernard,0.040897701274648653,0.08643998361327325,0.12733768488792191,45.520532000000003,-73.608143999999996,0.0012234030400001604
241,Bloomfield / Van Horne,0.047358155639806269,0.10401581500126428,0.15137397064107055,45.522607999999998,-73.613178000000005,0.0016338051880007043
242,Métro Outremont,0.02169491525423729,0.070958855416333427,0.09265377067057072,45.520265000000002,-73.614886999999996,0.0016918375140001977
243,Casgrain / Saint-Zotique,0.060884217994767419,0.057935563488915334,0.11881978148368275,45.53304,-73.611080000000001,0.0019334596000003261
244,Dante / Alma,0.091010595875583911,0.10926409305307505,0.20027468892865896,45.534790000000001,-73.611900000000006,0.0020881649000007124
245,Bélanger / Saint-Denis,0.026626336642099433,0.013021104606345965,0.039647441248445395,45.536960000000001,-73.611990000000006,0.0022232113000006794
246,Henri-Julien / Jean-Talon,0.038551859099804305,0.012455516014234875,0.051007375114039182,45.53707,-73.615290000000002,0.0024769538000004071
247,Casgrain / Mozart,0.047015802533629358,0.032307824149455822,0.07932362668308518,45.534787999999999,-73.614726000000005,0.0022977003400005856
248,Mozart / Saint-Laurent,0.017627562329793747,0.032523980815347721,0.050151543145141468,45.533180000000002,-73.615440000000007,0.0022639720000009293
249,Saint-Vallier / Jean-Talon,0.078209751219660006,0.027999427999427999,0.10620917921908801,45.538921000000002,-73.613701000000006,0.0024728731220008187
250,Boyer / Bélanger,0.062636629311733444,0.033953183110916649,0.096589812422650093,45.540059999999997,-73.608969999999999,0.002216354899999896
251,Boyer / Saint-Zotique,0.050415800415800419,0.056599170529397412,0.10701497094519782,45.53848,-73.605559999999997,0.001900253199999927
253,Saint-Vallier / Saint-Zotique,0.054820706626823694,0.046834758143058111,0.1016554647698818,45.536299,-73.607772999999995,0.0018991352899998069
254,Parc Père-Marquette,0.030278528416707449,0.017398421759570182,0.047676950176277627,45.537034999999996,-73.593125999999998,0.0012341448609996179
255,Holt / de Lorimier,0.098573522909734021,0.065259841121910092,0.16383336403164411,45.541840000000001,-73.586439999999996,0.0013718083999997371
256,Cartier / des Carrières,0.12824266276307264,0.083276882084631715,0.21151954484770435,45.53989,-73.588070000000002,0.001272744999999853
257,des Érables / Rosemont,0.093643873336392847,0.072144691302891598,0.16578856463928443,45.54363,-73.588440000000006,0.0015473404999999491
258,de la Roche /  Bellechasse ,0.062424567520450586,0.084610350041752241,0.14703491756220283,45.537202000000001,-73.597883999999993,0.0014279743399997608
259,Hampton/Monkland,0.017335689640663132,0.071422202407489963,0.088757892048153098,45.471400000000003,-73.626599999999996,0.0037519700000005966
260,Chabot / Bellechasse,0.049230701696626501,0.078913702165862423,0.12814440386248893,45.542700000000004,-73.592119999999994,0.0015821415999999302
261,Louis-Hémon / Bellechasse,0.067281849130980106,0.073895904322843584,0.14117775345382369,45.545264000000003,-73.589918000000011,0.0017105077800003516
262,Louis-Hébert / Beaubien,0.042129140239605359,0.046814072541117524,0.088943212780722883,45.548569999999998,-73.592680000000001,0.0020627604999996821
263,de Bordeaux / Beaubien,0.081817352847307706,0.087909337095783177,0.16972668994309087,45.544750000000001,-73.594899999999996,0.0018319624999997527
264,Chambord / Beaubien,0.044987817612251998,0.068230607502489771,0.11321842511474177,45.539964000000005,-73.599716000000001,0.0016893701920003661
265,de Normanville / Saint-Zotique,0.098166027625075064,0.070172317954419125,0.16833834557949418,45.54083,-73.603840000000005,0.0019593325000003313
266,Fabre / Saint-Zotique,0.26750348675034868,0.084757270566934481,0.35226075731728318,45.543540999999998,-73.600982000000002,0.0020045212449999036
267,de Gaspé / de Bellechasse,0.17991942061942309,0.043979781397157296,0.2238992020165804,45.530512000000002,-73.603949,0.0013580274250002576
268,des Érables / Saint-Zotique,0.13708617186566271,0.096515718987629104,0.2336018908532918,45.547699999999999,-73.597210000000004,0.0021595116999999671
269,Garnier / Bélanger,0.040587125729028901,0.070798436627582353,0.11138556235661126,45.544471000000001,-73.605144999999993,0.0022982649859997605
270,Cartier / Bélanger,0.026371151108183343,0.025494188512768304,0.051865339620951648,45.546909999999997,-73.602809999999991,0.0023610769999992476
271,Chambord / Jean-Talon,0.060715153389137973,0.014426885710711754,0.075142039099849733,45.544828000000003,-73.610457999999994,0.0026612743879999186
272,De la Roche / Bélanger,0.078347159745925543,0.066300778064317042,0.1446479378102426,45.541600000000003,-73.608000000000004,0.0022602980000005568
273,Louis-Hébert / Saint-Zotique,0.048245422365948518,0.10127455942575807,0.14951998179170659,45.55001,-73.595759999999999,0.0022976244999998079
274,Louis-Hébert / Bélanger,0.040963332610110655,0.097714897591871144,0.13867823020198181,45.551456999999999,-73.598852000000008,0.0025567845130001561
275,Fabre / Beaubien,0.08302896359195068,0.085495630122718838,0.16852459371466952,45.542054999999998,-73.59779300000001,0.0017481085540002235
276,Parc Rosemont,0.023900411417907282,0.035985699912230003,0.059886111330137284,45.544377000000004,-73.581018,0.0014774515729999995
277,Chateaubriand/Rosemont ,0.073435723915514547,0.0084757937078006034,0.081911517623315153,45.532499999999999,-73.597300000000004,0.0011339540000001643
278,Boyer / Rosemont,0.05386438000676972,0.020286806062427547,0.074151186069197267,45.534135999999997,-73.595478,0.0011490573799998118
279,St-André / Bellechasse,0.058011664663193983,0.033691940990787865,0.091703605653981848,45.535303999999996,-73.599386999999993,0.0013814259849995207
280,Augustin-Cantin / Shearer,0.021999615540699288,0.062675710651970196,0.084675326192669487,45.483977000000003,-73.563575999999998,0.00065551190499996744
281,Louis-Colin / McKenna,0.094007785707665215,0.0078694258233751088,0.10187721153104032,45.499915999999999,-73.618088999999998,0.0017930061370005407
282,Édouard-Montpetit / Stirling,0.095010429117157652,0.01553274785736959,0.11054317697452724,45.50723,-73.615084999999993,0.0015114683250000869
283,Chemin de la Tour,0.053860358775940906,0.00041311218061264538,0.054273470956553549,45.503022999999999,-73.616531000000009,0.0016353258100014008
284,Waverly / Van Horne,0.1327172347575612,0.029808557111653602,0.16252579186921479,45.527363000000001,-73.607722999999993,0.0014386201379998674
285,Hutchison / Van Horne,0.05472845924123438,0.03800659298041497,0.09273505222164935,45.525021229212783,-73.610737323760986,0.0015441802103641727
286,Bernard / Jeanne-Mance,0.050742408703794532,0.042499131341209175,0.093241540045003707,45.524295872822634,-73.604847192764282,0.0011455307089507645
287,Basile-Routhier / Chabanel,0.0034614268540397132,0.051886176739329069,0.05534760359336878,45.549948999999998,-73.647981999999999,0.0070602613250003304
288,10e Avenue / Rosemont,0.068721130332397434,0.032118723804636047,0.10083985413703347,45.552649000000002,-73.581184999999991,0.0021784465059997106
289,Boyer / Beaubien,0.056958733747880158,0.041417648092810684,0.098376381840690835,45.537040999999995,-73.602025999999995,0.0016146512369995107
290,Peel / Ottawa,0.0095368982175578869,0.10245076485154243,0.11198766306910032,45.49427,-73.559790000000007,0.00041322579999964701
291,Notre-Dame / de la Montagne ,0.016567723464275187,0.077226555414474873,0.093794278878750054,45.493029012583712,-73.56481790542604,0.00030453794918682572
292,Guy / Notre-Dame,0.0075694212111073935,0.102496288047513,0.11006570925862039,45.489950999999998,-73.567091000000005,0.00034867016200001375
293,Louis-Hémon / Beaubien,0.036336043360433605,0.060535146591310492,0.096871189951744097,45.547049999999999,-73.593530000000001,0.0019650921999997701
294,des Érables / Bélanger,0.057607090103397339,0.045195042004037594,0.10280213210743494,45.549257035149488,-73.600987493991838,0.0024638940716878938
297,Métro Charlevoix,0.021405870256122641,0.1140307898604915,0.13543666011661415,45.478227873091448,-73.569651246070862,0.00082782778212256436
301,des Seigneurs / Notre-Dame,0.01404896104988643,0.054134941243783284,0.068183902293669718,45.487670000000001,-73.568950000000001,0.00039769780000001998
302,Sir Georges Etienne Cartier/Notre-Dame,0.013868459760453877,0.075590020229265004,0.089458479989718884,45.474097999999998,-73.587206000000009,0.0011538003600008479
303,Georges-Vanier / Notre-Dame,0.032977191134423975,0.093631254408518966,0.12660844554294293,45.485009999999996,-73.571780000000004,0.0004704265000003138
304,Duvernay / Charlevoix,0.024593482940135969,0.069036532951289392,0.093630015891425361,45.482050000000001,-73.574910000000003,0.00058687220000018406
305,Quesnel / Vinet,0.02010336462398481,0.10063539952459316,0.12073876414857797,45.485889,-73.577514000000008,0.00041583763700024873
306,Marché Atwater,0.0044845842416692617,0.039917982724020591,0.044402566965689852,45.480359,-73.577101999999996,0.00067060408500028566
307,Métro Lionel-Groulx,0.0013021909880115751,0.086913222579330943,0.088215413567342513,45.482717000000001,-73.581281000000004,0.00057894525000032825
308,Saint-Antoine / Canning (Metro George-Vanier),0.042063094641962943,0.084752321981424142,0.12681541662338708,45.489100000000001,-73.576560000000001,0.0002938952000001709
309,Wilderton / Côte-Sainte-Catherine,0.15305052082062792,0.019186978156363329,0.17223749897699125,45.507874000000001,-73.618965000000003,0.0018298049810008999
311,IUGM - Institut universitaire de gériatrie,0.037057736124844157,0.013924843423799583,0.050982579548643742,45.491417999999996,-73.622490999999997,0.0023606971250006862
312,Hudson / Côte-Sainte-Catherine,0.026675815928292664,0.0030232124738574949,0.029699028402150159,45.503857000000004,-73.622600000000006,0.0021567830890012523
313,Gatineau / Jean-Brillant ,0.070879008647102879,0.0022644461370607489,0.073143454784163633,45.496784999999996,-73.620887999999994,0.0020846272490003168
314,Kent / Côte-Des-Neiges,0.0068046908932966558,0.076143145563863063,0.082947836457159724,45.501302000000003,-73.633161000000001,0.0032666613250010535
315,Gatineau / Côte-Sainte-Catherine,0.094747470111751067,0.010808671928691921,0.10555614204044299,45.499365000000004,-73.626610999999997,0.0025865185060004892
316,Ellendale / Côte-Des-Neiges,0.0024447344976899332,0.036431594097050671,0.038876328594740606,45.499594000000002,-73.629362999999998,0.0028683477650006534
317,Lacombe / Gatineau,0.1136039886039886,0.0048834213041851959,0.11848740990817379,45.497434000000005,-73.622805,0.0022477078610006894
318,Parc Jean-Brillant,0.036873472537838188,0.0046004992470034863,0.041473971784841676,45.497011000000001,-73.618575000000007,0.0018791204660013423
319,Jardin Botanique,0.055223518514434425,0.027173565009499006,0.082397083523933434,45.555028999999998,-73.554901999999998,0.002834823644998972
320,Valois / Sherbrooke,0.054599784676905502,0.03268043431977858,0.087280218996684089,45.550725,-73.555254000000005,0.0024184883809989775
321,Métro Préfontaine,0.008286315088172222,0.052719975570387823,0.061006290658560045,45.541814000000002,-73.554635000000005,0.0017314217009992401
322,Métro Joliette,0.012930854397326091,0.072233252280991367,0.085164106678317461,45.546847,-73.551517000000004,0.0022591666579989504
323,D'Orléans / Hochelaga,0.022589566575886167,0.17859680937094127,0.20118637594682745,45.550668000000002,-73.549502000000004,0.0026876987079990488
324,Boyer / Jean-Talon,0.037535565769314952,0.017158222715438133,0.054693788484753085,45.541484000000004,-73.612441000000004,0.0025541003770007667
325,Aylwin / Ontario,0.026887456788015875,0.15593295103661226,0.18282040782462813,45.544136000000002,-73.545608999999999,0.0023731401369993139
327,Ontario / Dézéry,0.020167676810339367,0.042660164426126926,0.062827841236466286,45.541030999999997,-73.547134,0.0020564090769989562
328,Nicolet / Ontario,0.010643626346105686,0.07339593464960445,0.084039560995710139,45.546461999999998,-73.543890000000005,0.002663038183998621
329,Pierre-de-Coubertin / Aird,0.00309520861706079,0.013561517886994317,0.016656726504055107,45.558959999999999,-73.548687000000001,0.0035374644889988442
330,Marché Maisonneuve,0.0041916167664670656,0.085149277397725723,0.089340894164192788,45.553490999999994,-73.53931,0.0035950051009983166
331,Desjardins / Ontario,0.0025798196190122387,0.10541933109444726,0.1079991507134595,45.551206999999998,-73.540866000000008,0.0032719364049982008
332,Guizot / Saint-Laurent,0.018451121455776556,0.059946586620169072,0.078397708075945621,45.539964000000005,-73.634318999999991,0.0045128019769997947
333,Faillon / Saint-Denis,0.10415655830502991,0.044901230289377925,0.14905778859440783,45.540098,-73.619985999999997,0.0030618269200001101
334,Gounod / Saint-Denis,0.048770330103897246,0.063093652907234801,0.11186398301113204,45.541790999999996,-73.625893999999988,0.003731379876998963
335,De Gaspé / Jarry,0.03933359196517091,0.044498608744418799,0.083832200709589716,45.540627000000001,-73.630088999999998,0.0040843349300003157
336,Guizot / Saint-Denis,0.030889038741815492,0.047033300791842932,0.07792233953365843,45.543376000000002,-73.632266999999999,0.0045203487050004985
337,De Gaspé / De Liège,0.011911526401077508,0.089618435792505891,0.1015299621935834,45.542578999999996,-73.636556999999996,0.0049610764899998393
338,Foucher / Leman,0.041893362350380846,0.18309055264659901,0.22498391499697987,45.545986999999997,-73.631562000000002,0.0046425609730004402
339,Lajeunesse / Jarry,0.045249265576358139,0.049436823421133362,0.094686088997491508,45.543582999999998,-73.628399999999999,0.0041172520490001929
340,Du Rosaire / Saint-Hubert,0.042877291960507755,0.076237865695181817,0.11911515765568957,45.544670000000004,-73.621581000000006,0.0035344852210011284
341,Faillon / Saint-Hubert,0.053432444250109311,0.030888686170099922,0.084321130420209237,45.542891999999995,-73.617822000000004,0.0030740955080002007
342,Boyer / Jarry,0.021295303452712844,0.067395509965357453,0.088690813418070294,45.547283,-73.625377,0.0041009384980003737
343,Harvard/Monkland,0.055353304969516209,0.065539204919833075,0.12089250988934928,45.474299999999999,-73.623699999999999,0.0032745140000010669
344,De La Roche / Everett,0.049010634588563459,0.061563075304637505,0.11057370989320096,45.544866999999996,-73.614840999999998,0.0029836267699997927
345,Regina / Verdun,0.067709382202233118,0.10337275514673674,0.17108213734896988,45.467368999999998,-73.570768999999999,0.0015406680420005081
346,Marquette / Villeray,0.046880446148483794,0.1126622695597455,0.15954271570822928,45.550550999999999,-73.615020999999999,0.0034689823219999152
347,Louis-Hémon / Villeray,0.0037093832891246683,0.099142563164513545,0.10285194645363821,45.554930999999996,-73.610710999999995,0.0035604425619993048
348,Valois/Ste-Catherine,0.0024902982132110319,0.10013828070984097,0.10262857892305201,45.545408999999999,-73.537668999999994,0.0030203901619993943
349,Metro St-Michel,0.0124735330496216,0.037494077615540335,0.049967610665161935,45.559199,-73.599657999999991,0.0033539955249993272
350,Ryde/Charlevoix,0.097207543624791559,0.17185239671447836,0.26905994033926994,45.4758,-73.564400000000006,0.0010663060000000208
351,Island/Centre,0.037797328119908769,0.13595663904873331,0.17375396716864208,45.481499999999997,-73.564400000000006,0.00075178000000008464
355,St-Dominique / Villeray,0.046530951391773989,0.058897298248701928,0.10542824964047592,45.537813,-73.624871999999996,0.0033638714330000564
356,de Liège / Lajeunesse,0.0069418386491557228,0.18162017671955052,0.18856201536870626,45.54554155627703,-73.63474845886229,0.0049701928225918653
357,Drolet / Villeray,0.080786816967721484,0.071514050172857016,0.1523008671405785,45.540100000000002,-73.623400000000004,0.003372452000000894
358,Marcil/Sherbrooke,0.028643013355415418,0.017508628804518356,0.046151642159933774,45.471612999999998,-73.613667000000007,0.002601306938001602
359,Sicard/Ontario,0.044490743755018776,0.11840631126878909,0.16289705502380786,45.556600000000003,-73.537300000000002,0.0040508959999990164
360,Monkland/Girouard,0.14696283306541966,0.023844661831674819,0.17080749489709449,45.4771,-73.621200000000002,0.002872340000001168
361,12e Avenue / Saint-Zotique,0.024923843810578786,0.032115195344259488,0.057039039154838274,45.556905,-73.589250000000007,0.0027367231249998854
362,3e avenue /St-Zotique,0.020531451987664231,0.049213751220041208,0.069745203207705442,45.553243000000002,-73.592336000000003,0.0024690074650000294
363,16e Avenue / Beaubien,0.07720613134072285,0.025308917671579573,0.10251504901230242,45.558496000000005,-73.583489,0.0027835278970001005
364,9e Avenue / Beaubien,0.039213990790981215,0.031352113277662685,0.070566104068643901,45.553784999999998,-73.587327999999999,0.0023839146889994378
365,1ere Avenue / Beaubien,0.040302047744434528,0.052350615114235499,0.092652662858670021,45.550476000000003,-73.590446,0.002159202772000041
366,1ere Avenue / Rosemont,0.044416797625283742,0.026104716720209347,0.070521514345493086,45.547996999999995,-73.58523000000001,0.0018248271489994701
367,St-Antoine/Royal,0.10636527527388712,0.11060248763120174,0.21696776290508885,45.468800000000002,-73.619799999999998,0.0033009700000007757
368,Parc Campbell,0.051296665716728411,0.096141971779449761,0.14743863749617817,45.549638999999999,-73.558292000000009,0.0022048863849988662
369,16e Avenue / Rosemont,0.030370481347516212,0.021915258181202799,0.052285739528719011,45.556722999999998,-73.577635999999998,0.0025505383449992832
370,Wilderton Crescent / Van Horne,0.051832460732984295,0.050881392818280739,0.10271385355126503,45.509188000000002,-73.624420000000001,0.0023319307040007941
371,3e Avenue / Dandurand,0.064249828475311507,0.098530820824017887,0.16278064929932939,45.547362,-73.57922099999999,0.001700024884999519
372,10e Avenue / Masson,0.015572998430141287,0.075875398930192836,0.091448397360334124,45.550321000000004,-73.573755000000006,0.0019492107859998002
373,St-antoine / Rue du square victoria,0.061888814467515069,0.021421885636487406,0.083310700104002475,45.501792999999999,-73.563189000000008,0.00018958276999963208
374,D'Orléans / Masson,0.018855218855218854,0.032036418558148441,0.050891637413367295,45.557192000000001,-73.569846999999996,0.0026367214329994677
375,4e Avenue / Masson,0.012163463551480132,0.16631209182663764,0.17847555537811777,45.546991999999996,-73.575445000000002,0.0016613261289992166
376,Molson / Masson,0.0098747942751192686,0.12023460410557185,0.13010939838069113,45.544122999999999,-73.577049000000002,0.0014358089299995375
377,7e Avenue / Saint-Joseph,0.036185776738951653,0.11775056143356562,0.15393633817251728,45.547154999999997,-73.569901000000002,0.0017139669859991579
378,15e Avenue / Laurier,0.0015224457885857712,0.047983897149535742,0.049506342938121513,45.553408000000005,-73.569531000000012,0.0022695629449996603
379,Metro Place St-Henri,0.005088477195314447,0.20085075850758508,0.20593923570289951,45.477286999999997,-73.585418999999987,0.00092289781000040247
380,18e Avenue / Saint-Joseph,0.051413435233835597,0.092621876835494513,0.14403531206933012,45.554165000000005,-73.56474200000001,0.0024285501089995353
381,12e Avenue / Saint-Joseph,0.010268480139967924,0.078055865921787704,0.088324346061755626,45.550080000000001,-73.568066000000002,0.001988433315999483
383,Bannantyne /de l'Eglise,0.026572168811425389,0.07212549791881126,0.098697666730236652,45.463256999999999,-73.575620999999998,0.001847897090000565
384,Parc J.-Arthur-Champagne,0.073982373250954026,0.095932672458770948,0.16991504570972499,45.551584000000005,-73.561915999999997,0.0022606827519998803
385,Omer-Lavallée / Midway,0.022218463945204322,0.098847578543010017,0.12106604248821434,45.545473999999999,-73.561937,0.0017433108449992432
387,Darling / Sherbrooke,0.047173506244832235,0.055926160845125875,0.1030996670899581,45.545425000000002,-73.556527000000003,0.0019232784739992936
388,Métro Pie-IX,0.010319831205999707,0.024182438590170188,0.034502269796169896,45.553878999999995,-73.551760999999999,0.0028677170019986683
389,Parc Outremont,0.061728395061728392,0.052614364833631327,0.11434275989535972,45.518215000000005,-73.603251,0.0008740755860004246
390,Stuart / Côte-Ste-Catherine,0.055304987520252223,0.05446375989704888,0.10976874741730111,45.51529,-73.606279999999998,0.00098550610000026667
391,Dunlop / Van Horne,0.09004261558905742,0.052696717040125067,0.14273933262918248,45.514904999999999,-73.619681999999997,0.0019640276690003405
392,Rockland / Lajoie,0.046590215400715097,0.060283610461686371,0.10687382586240146,45.515616999999999,-73.614991000000003,0.0015911185700007481
393,Davaar / Côte-Sainte-Catherine,0.067771490164376183,0.022515462170634583,0.090286952335010773,45.514378999999998,-73.610871000000003,0.0012669351220006358
394,Mont-Royal / Vincent-D'Indy ,0.056247767059664167,0.0020065782668955961,0.058254345326559764,45.510086000000001,-73.611429000000001,0.0012544653970005964
396,Faillon / St-Laurent,0.055820842728920725,0.044516758867556135,0.10033760159647687,45.536152000000001,-73.622350999999995,0.0030227969049999959
397,Saint-Dominique / Jean Talon,0.066141256335146698,0.064746124117098305,0.13088738045224502,45.535218,-73.617618000000007,0.0025535188880009677
399,Lionel-Groulx / George-Vanier,0.040849496153429407,0.11237206711689758,0.15322156327032699,45.486457000000001,-73.573285999999996,0.00039997544500013137
401,De l'Hôtel-de-Ville / Sherbrooke,0.15241512392208889,0.018319825035378875,0.17073494895746777,45.514530838669437,-73.568471074104309,0.00012878385837932662
403,Mansfield / Ste-Catherine ,0.21284955560372859,0.035120188120536494,0.24796974372426508,45.501401799999996,-73.571813599999999,4.2824540200028646e-05
404,Prince-Arthur / Saint-Urbain,0.041343104013999779,0.070207472667929607,0.11155057668192939,45.512762000000002,-73.573488999999995,4.9994844999942809e-05
406,Métro Jean-Drapeau,0.039750770700360386,0.027256873425624904,0.067007644125985283,45.512096999999997,-73.533819999999992,0.0018320644489999598
407,Quai de la navette fluviale,0.07807152536922618,0.03694565146188615,0.11501717683111233,45.513306,-73.538318000000004,0.0014864899599990407
408,Métro Parc,0.030387401300763492,0.033933979081205302,0.064321380381968801,45.530260999999996,-73.624273000000002,0.0028860992500005169
409,La Ronde,0.053188447240491848,0.0048260941920452655,0.058014541432537113,45.521768999999999,-73.534858999999997,0.0019518821619993799
413,Wilson/Sherbrooke,0.11816223637181339,0.053240436440120942,0.17140267281193433,45.470300000000002,-73.616200000000006,0.0028900840000013897
414,La Salle/Hochelaga,0.0096291530910826567,0.12924448217317488,0.13887363526425756,45.554109000000004,-73.54741700000001,0.0031210539699988381
415,Metro Vendome,0.027409240220127126,0.072456653203311544,0.09986589342343867,45.473775000000003,-73.604223000000005,0.0018381442340008238
416,McGill College /Maisonneuve,0.55429424425466911,0.10533025448597681,0.65962449874064588,45.502535999999999,-73.572664000000003,2.636475199996739e-05
417,20e/Beaubien,0.0073910138633706364,0.019138856721760186,0.026529870585130823,45.561500000000002,-73.580799999999996,0.0030746439999997052
418,Marlowe / Sherbrooke,0.025879187752225995,0.097106167892352172,0.12298535564457816,45.475190999999995,-73.607539000000003,0.0019449201620012867
419,Beaucourt /Cote Ste-Catherine,0.0072200668063652773,0.12409083467807946,0.13131090148444474,45.491512999999998,-73.633649000000005,0.0035149745700017517
421,Hôpital général juif,0.0078071468615684893,0.0082059165697191284,0.016013063431287618,45.496302,-73.62982199999999,0.002971938247999884
422,Metro snowdon,0.00012316029312149762,0.039357446899531558,0.039480607192653054,45.485025999999998,-73.626889000000006,0.0030173813570016808
423,Fleurry/Lajeunesse,0.007361577181208054,0.054692982456140349,0.062054559637348405,45.553600000000003,-73.661600000000007,0.009532714000002317
424,Basile-Routhier / Crémazie,0.002671637154395775,0.087214974475326154,0.089886611629721933,45.547009000000003,-73.637951000000001,0.0054728277220008814
425,Complexe sportif Claude-Robillard,0.0010765822653775285,0.071680114117594618,0.07275669638297215,45.554491999999996,-73.635151000000008,0.0058011182650009319
426,Square Phillips 2,0.092637645558258735,0.023495403073311744,0.11613304863157048,45.503872999999999,-73.568679000000003,6.2469369999867781e-05
427,Agnes/St-Antoine,0.013690001259816066,0.12896764615783396,0.14265764741765002,45.480065000000003,-73.587005000000005,0.00080144685000038164
428,Ross / Ave de Léglise,0.014151042432131684,0.083624728602445436,0.097775771034577116,45.462741999999999,-73.565844999999996,0.0019997166290005048
429,Willibord / Verdun,0.010647216633132126,0.066865048522129197,0.077512265155261328,45.459707000000002,-73.571438000000001,0.0021881876130002654
430,Rushbrooke / Ave Caisse,0.019448194397570031,0.068941767202115131,0.088389961599685166,45.470604999999999,-73.56545899999999,0.0013856523460004974
431,Place du Commerce,0.015867656988521269,0.054736796139822276,0.070604453128343542,45.467290000000006,-73.542356999999996,0.0026638052689997587
432,Emile-Journault / Marcel Cadieux,0.0084632423621849792,0.10438243302999976,0.11284567539218474,45.552232000000004,-73.639538999999999,0.0061245598250007274
433,Ch de la Pointe Nord ,0.036953942401035486,0.079614949037372595,0.11656889143840808,45.472659,-73.542243999999997,0.0022820521370000473
437,Cartier / Rosemont,0.092005236443811575,0.039109506618531888,0.13111474306234347,45.5413,-73.591000000000008,0.0014476520000000746
438,Boul Maisonneuve/Greene,0.071527509707304884,0.013244063186525786,0.084771572893830666,45.487330999999998,-73.588949999999997,0.00051960318100041842
439,Hillside / Ste-Catherine,0.087059520284275979,0.027994075327972916,0.1150535956122489,45.482900000000001,-73.591000000000008,0.00076320400000068681
440,Victoria/Maisonneuve,0.024934887494129199,0.17897097235227441,0.20390585984640361,45.477581000000001,-73.600352999999998,0.0014037399700005649
441,Victorial Hall,0.061626330644265176,0.096042240378706845,0.15766857102297202,45.4816,-73.599999999999994,0.0011726180000003529
442,Argyle / Sherbrooke,0.095162294968509933,0.041855958660781567,0.13701825362929149,45.486000000000004,-73.5959,0.00079696000000036666
443,Métro Longueuil - Université de Sherbrooke,0.0059715109166683942,0.015638702133878982,0.021610213050547375,45.525100000000002,-73.519400000000005,0.0035842119999984672
444,St-Charles / Châteauguay,0.00057646380630816112,8.2309607588945818e-05,0.00065877341389710699,45.533200000000001,-73.515600000000006,0.0044016259999980455
445,Place Longueuil,0.00026726424210028575,0.07555466273827062,0.075821926980370907,45.529400000000003,-73.517799999999994,0.0039492819999996523
446,Grant / St-Laurent,0.0015035425935079915,0.0010084171966001935,0.0025119597901081848,45.538200000000003,-73.505799999999994,0.0059804179999996734
447,St-Charles / St-Thomas,0.0091135218745427553,,,45.537500000000001,-73.510900000000007,0.0052438899999978743
448,Collège Édouard-Montpetit,2.0543583211783798e-05,0.0013164931912617763,0.0013370367744735602,45.536799999999999,-73.495400000000004,0.0074657859999977946
452,Lafond/Dandurand,0.095784214800777687,0.02657409082685001,0.1223583056276277,45.553640000000001,-73.575119999999998,0.0022479699999996181
